{
    "max_depth": 6,
    "learning_rate": 0.013940346079873234,
    "subsample": 0.8736932106048627,
    "colsample_bytree": 0.7760609974958405,
    "colsample_bylevel": 0.6488152939379115,
    "min_child_weight": 15,
    "gamma": 0.17194260557609198,
    "reg_alpha": 9.093204020787821,
    "reg_lambda": 2.6619218178401676
}