{
    "thresholds": [
        0.39,
        0.5,
        0.47000000000000003,
        0.56,
        0.52,
        0.59,
        0.49,
        0.54,
        0.43,
        0.55
    ],
    "threshold_mean": 0.5039999999999999,
    "threshold_std": 0.058343808583259285,
    "computed_on": "kfold_validation_splits"
}