{
    "thresholds": [
        0.48000000000000004,
        0.5,
        0.46,
        0.56,
        0.49,
        0.53,
        0.53,
        0.53,
        0.43,
        0.43
    ],
    "threshold_mean": 0.49399999999999994,
    "threshold_std": 0.04223742416388577,
    "computed_on": "kfold_validation_splits"
}