{
    "timestamp": "2025-11-13 18:23:00",
    "test_samples": 5000,
    "models_used": 10,
    "model_names": [
        "Fold 1",
        "Fold 2",
        "Fold 3",
        "Fold 4",
        "Fold 5",
        "Fold 6",
        "Fold 7",
        "Fold 8",
        "Fold 9",
        "Fold 10"
    ],
    "ensemble": true,
    "threshold": 0.49399999999999994,
    "predictions": {
        "wins": 2504,
        "losses": 2496,
        "win_rate": 0.5008
    },
    "confidence": {
        "high": 3187,
        "medium": 1363,
        "low": 450
    },
    "statistics": {
        "mean_probability": 0.49951974976514774,
        "std_probability": 0.342958214380475,
        "min_probability": 0.013130686809545924,
        "max_probability": 0.9865531366644983
    },
    "validation_checks": {
        "passed": 6,
        "total": 6
    }
}